ImageName,PersonName
ntr1.jpg,NTR
ntr2.jpg,NTR
ntr3.jpg,NTR
ntr4.jpg,NTR
ntr5.jpg,NTR
ntr6.jpg,NTR
ntr7.jpg,NTR
ntr8.jpg,NTR
ntr9.jpg,NTR
ntr10.jpg,NTR
ntr11.jpg,NTR
ntr13.jpg,NTR
ntr15.jpg,NTR
ntr16.jpg,NTR
ntr17.jpg,NTR
ntr18.jpg,NTR
ntr20.jpg,NTR
ntr21.jpg,NTR
ntr22.jpg,NTR
ntr23.jpg,NTR
ntr24.jpg,NTR
ntr25.jpg,NTR
ntr27.jpg,NTR
ntr28.jpg,NTR
ntr29.jpg,NTR
ntr30.jpg,NTR
ntr31.jpg,NTR
ntr32.jpg,NTR
ntr33.jpg,NTR
ntr34.jpg,NTR
ntr35.jpg,NTR
ntr36.jpg,NTR
ntr37.jpg,NTR
ntr38.jpg,NTR
ntr39.jpg,NTR
ntr40.jpg,NTR
ntr41.jpg,NTR
ntr42.jpg,NTR
ntr43.jpg,NTR
ntr44.jpg,NTR
ntr45.jpg,NTR
ntr46.jpg,NTR
ntr47.jpg,NTR
ntr48.jpg,NTR
ntr49.jpg,NTR
ntr50.jpg,NTR
ntr51.jpg,NTR
ntr52.jpg,NTR
ntr53.jpg,NTR
ntr54.jpg,NTR
ntr56.jpg,NTR
ntr57.jpg,NTR
ntr58.jpg,NTR
ntr59.jpg,NTR
ntr60.jpg,NTR
vik1.jpg,Vikram
vik2.jpg,Vikram
vik3.jpg,Vikram
vik4.jpg,Vikram
vik5.jpg,Vikram
vik6.jpg,Vikram
vik8.jpg,Vikram
vik9.jpg,Vikram
vik10.jpg,Vikram
vik11.jpg,Vikram
vik12.jpg,Vikram
vik13.jpg,Vikram
vik14.jpg,Vikram
vik15.jpg,Vikram
vik16.jpg,Vikram
vik17.jpg,Vikram
vik18.jpg,Vikram
vik19.jpg,Vikram
vik20.jpg,Vikram
vik21.jpg,Vikram
vik22.jpg,Vikram
vik23.jpg,Vikram
vik24.jpg,Vikram
vik26.jpg,Vikram
vik27.jpg,Vikram
vik28.jpg,Vikram
vik30.jpg,Vikram
vik31.jpg,Vikram
vik32.jpg,Vikram
vik33.jpg,Vikram
vik34.jpg,Vikram
vik35.jpg,Vikram
vik36.jpg,Vikram
vik37.jpg,Vikram
vik38.jpg,Vikram
vik39.jpg,Vikram
vik40.jpg,Vikram
vik41.jpg,Vikram
vik42.jpg,Vikram
vik43.jpg,Vikram
vik44.jpg,Vikram
vik45.jpg,Vikram
vik46.jpg,Vikram
vik47.jpg,Vikram
vik48.jpg,Vikram
vik49.jpg,Vikram
vik50.jpg,Vikram
kar1.jpg,Karthik
kar2.jpg,Karthik
kar3.jpg,Karthik
kar4.jpg,Karthik
kar6.jpg,Karthik
kar7.jpg,Karthik
kar8.jpg,Karthik
kar9.jpg,Karthik
kar10.jpg,Karthik
kar11.jpg,Karthik
kar12.jpg,Karthik
kar13.jpg,Karthik
kar14.jpg,Karthik
kar15.jpg,Karthik
kar16.jpg,Karthik
kar17.jpg,Karthik
kar18.jpg,Karthik
kar19.jpg,Karthik
kar20.jpg,Karthik
kar21.jpg,Karthik
kar22.jpg,Karthik
kar23.jpg,Karthik
kar24.jpg,Karthik
kar25.jpg,Karthik
kar26.jpg,Karthik
kar27.jpg,Karthik
kar28.jpg,Karthik
kar29.jpg,Karthik
kar30.jpg,Karthik
kar31.jpg,Karthik
kar32.jpg,Karthik
kar33.jpg,Karthik
kar34.jpg,Karthik
kar35.jpg,Karthik
kar36.jpg,Karthik
kar37.jpg,Karthik
kar38.jpg,Karthik
kar39.jpg,Karthik
kar40.jpg,Karthik
vik51.jpg,Vikram
vik52.jpg,Vikram
vik53.jpg,Vikram
vik54.jpg,Vikram
vik55.jpg,Vikram